timestamp	name	composite	bar_sharpe_wf	bar_sharpe_val	decay	maxdd_wf	maxdd_val	trades_wf	trades_val	fold_std	neg_folds	profit_factor	calmar	n_params	status
2026-03-15T14:19:48.886128+00:00	ema_20_50_hh_hl_lb8_v1	0.742788	2.370766	1.216831	0.513265	0.004248	0.038498	40	43	1.145117	0.000000	2.912984	12.043191	5	PASS
2026-03-15T14:29:47.334568+00:00	naive_funding_momentum_v1	0.126303	-1.154200	0.192736	192735518364.668335	0.001192	0.037235	6	9	2.236493	0.333333	0.000000	-1.678559	4	FAIL
2026-03-15T14:34:09.708129+00:00	ema_20_50_hh_hl_lb8_v1	0.742788	2.370766	1.216831	0.513265	0.004248	0.038498	40	43	1.145117	0.000000	2.912984	12.043191	5	PASS
2026-03-15T14:35:35.549144+00:00	ema_20_50_hh_hl_funding_vol_v1	0.771073	2.490724	1.353450	0.543396	0.003963	0.038399	39	40	1.391222	0.000000	3.320189	14.173277	7	FAIL
2026-03-15T14:38:01.289076+00:00	ema_20_50_hh_hl_lb8_v1	0.742788	2.370766	1.216831	0.513265	0.004248	0.038498	40	43	1.145117	0.000000	2.912984	12.043191	5	PASS
2026-03-15T14:39:26.445010+00:00	ema_20_50_hh_hl_fundsize_v1	0.754758	2.433374	1.216831	0.500059	0.004106	0.038498	40	43	1.271035	0.000000	3.067488	12.904024	7	FAIL
2026-03-15T14:40:54.796003+00:00	ema_20_50_hh_hl_voltrail_v1	0.394083	1.020760	-0.307249	-0.301000	0.002566	0.046104	41	46	1.570614	0.333333	2.180303	9.419040	8	FAIL
2026-03-15T14:47:20.899526+00:00	breakout_720_trend_v1	0.333688	0.554743	0.768779	1.385829	0.009401	0.029482	81	26	1.490447	0.333333	1.138638	1.986345	4	FAIL
2026-03-15T14:48:01.163029+00:00	breakout_720_mom_v1	0.549653	1.358023	0.529280	0.389743	0.010008	0.038306	80	23	1.385825	0.166667	2.911846	4.190052	4	FAIL
2026-03-15T14:49:12.624175+00:00	ema_20_50_hh_hl_voltarget_v1	0.776987	2.478671	1.451736	0.585691	0.004160	0.065084	40	43	1.315364	0.000000	3.265796	12.609768	6	FAIL
2026-03-15T14:49:53.545296+00:00	ema_20_50_hh_hl_voltarget_v2	0.771397	2.500544	1.342105	0.536725	0.004023	0.052021	40	43	1.187305	0.000000	3.235858	12.337829	6	PASS
2026-03-15T14:50:25.354346+00:00	ema_20_50_hh_hl_voltarget_v3	0.656407	2.035010	0.793055	0.389706	0.005404	0.065506	40	41	1.318536	0.000000	2.542446	8.400383	6	FAIL
2026-03-15T14:50:46.226079+00:00	ema_20_50_hh_hl_voltarget_v4	0.695425	2.392257	0.590826	0.246974	0.003351	0.071082	40	45	1.197118	0.000000	2.823708	11.755919	6	FAIL
2026-03-15T14:51:43.935331+00:00	ema_20_50_hh_hl_vt_momexit_v1	0.764401	2.380057	1.466505	0.616164	0.004035	0.049494	42	45	1.321273	0.000000	4.299824	11.957553	7	FAIL
2026-03-15T14:52:15.491344+00:00	ema_20_50_hh_hl_vt_momexit_v2	0.739119	2.329524	1.418698	0.609008	0.004023	0.053727	41	43	1.516021	0.166667	3.121011	11.654508	7	FAIL
2026-03-15T14:52:58.221763+00:00	ema_18_45_hh_hl_voltarget_v1	0.568127	1.240801	0.732333	0.590210	0.004055	0.092171	39	49	2.933714	0.166667	3.468242	8.525748	6	FAIL
2026-03-15T14:53:18.202220+00:00	ema_22_55_hh_hl_voltarget_v1	0.735099	2.293759	1.439357	0.627510	0.003897	0.064385	35	48	1.974388	0.166667	7.049414	14.005468	6	FAIL
2026-03-15T14:54:06.668959+00:00	ema_23_50_roc5_voltarget_v1	0.705866	2.036490	1.139019	0.559305	0.004157	0.081010	47	56	1.135480	0.000000	3.551392	11.082965	6	PASS
2026-03-15T14:54:52.835429+00:00	ema_20_50_hh_hl_vt_green_v1	0.666305	1.935968	1.054964	0.544928	0.003043	0.047367	28	33	1.459067	0.166667	4.391859	11.669585	6	FAIL
2026-03-15T14:55:19.815765+00:00	ema_20_50_hh_hl_voltarget_v5	0.763716	2.449671	1.317117	0.537671	0.003739	0.050538	40	43	1.202665	0.000000	3.095911	12.098711	6	PASS
2026-03-15T14:55:41.877221+00:00	ema_20_50_hh_hl_voltarget_v6	0.776016	2.507557	1.390507	0.554527	0.004261	0.052183	40	43	1.212849	0.000000	3.222420	12.589241	6	PASS
2026-03-15T14:56:08.681122+00:00	ema_20_50_hh_hl_voltarget_v7	0.775746	2.491196	1.412174	0.566866	0.004390	0.052048	40	43	1.212225	0.000000	3.181796	12.581990	6	PASS
2026-03-15T15:03:15.959771+00:00	ema_20_50_hh_hl_lb10_vt_v1	0.720655	2.027773	1.616030	0.796948	0.003762	0.041536	35	38	1.468237	0.166667	3.013351	11.568968	6	FAIL
2026-03-15T15:03:46.992303+00:00	ema_20_50_hh_hl_lb9_vt_v1	0.743356	2.246094	1.585658	0.705962	0.004190	0.041536	38	39	1.737138	0.166667	3.189596	12.003384	6	FAIL
2026-03-15T15:04:28.966733+00:00	ema_20_50_hh_hl_voltarget_v8	0.777652	2.510260	1.409075	0.561326	0.005316	0.063399	40	43	1.213876	0.000000	3.222320	12.708349	6	PASS
2026-03-15T15:05:00.399020+00:00	ema_20_50_hh_hl_voltarget_v9	0.779244	2.512951	1.427059	0.567882	0.006368	0.074002	40	43	1.214898	0.000000	3.222221	12.828915	6	PASS
2026-03-15T15:05:33.284568+00:00	ema_20_50_hh_hl_voltarget_v10	0.782310	2.518302	1.461408	0.580315	0.008459	0.093565	40	43	1.216926	0.000000	3.222022	13.074495	6	PASS
2026-03-15T15:06:01.534530+00:00	ema_20_50_hh_hl_voltarget_v11	0.785231	2.523612	1.493783	0.591922	0.010535	0.111203	40	43	1.218933	0.000000	3.221823	13.326133	6	PASS
2026-03-15T15:06:32.555890+00:00	ema_20_50_hh_hl_voltarget_v12	0.791983	2.536707	1.567290	0.617844	0.015664	0.148544	40	43	1.223861	0.000000	3.221326	13.981671	6	PASS
2026-03-15T15:07:02.086814+00:00	ema_20_50_hh_hl_voltarget_v13	0.798079	2.549551	1.631989	0.640108	0.020704	0.178525	40	43	1.228662	0.000000	3.220829	14.678598	6	PASS
2026-03-15T15:07:29.431742+00:00	ema_20_50_hh_hl_voltarget_v14	0.803642	2.562153	1.689584	0.659439	0.025658	0.203131	40	43	1.233339	0.000000	3.220332	15.419647	6	PASS
2026-03-15T15:07:56.995212+00:00	ema_20_50_hh_hl_voltarget_v15	0.808762	2.574520	1.741329	0.676371	0.030530	0.223694	40	43	1.237895	0.000000	3.219835	16.207690	6	PASS
2026-03-15T15:08:26.455312+00:00	ema_20_50_hh_hl_voltarget_v16	0.813507	2.586658	1.788177	0.691308	0.035322	0.241137	40	43	1.242334	0.000000	3.219338	17.045769	6	PASS
2026-03-15T15:08:57.217404+00:00	ema_20_50_hh_hl_voltarget_v17	0.816198	2.593834	1.814247	0.699446	0.038161	0.250389	40	43	1.244942	0.000000	3.219040	17.573964	6	PASS
2026-03-15T15:09:23.037504+00:00	ema_20_50_hh_hl_voltarget_v18	0.817932	2.598575	1.830862	0.704564	0.040038	0.256124	40	43	1.246658	0.000000	3.218842	17.937100	6	PASS
2026-03-15T15:09:51.854205+00:00	ema_20_50_hh_hl_voltarget_v19	0.819622	2.603281	1.846905	0.709453	0.041903	0.261545	40	43	1.248356	0.000000	3.218643	18.309300	6	PASS
2026-03-15T15:10:20.277682+00:00	ema_20_50_hh_hl_voltarget_v20	0.820451	2.605621	1.854722	0.711816	0.042831	0.264145	40	43	1.249198	0.000000	3.218544	18.498870	6	PASS
2026-03-15T15:12:43.169386+00:00	ema_20_50_hh_hl_voltarget_v21	0.817308	2.566923	1.862909	0.725736	0.042048	0.264145	40	43	1.255643	0.000000	3.202866	17.870840	8	FAIL
2026-03-15T15:13:29.492383+00:00	ema_20_50_hh_hl_voltarget_v21	0.817418	2.587966	1.846767	0.713598	0.047606	0.260156	40	43	1.199826	0.000000	3.094886	19.086243	6	PASS
2026-03-15T15:13:57.699375+00:00	ema_20_50_hh_hl_voltarget_v22	0.821026	2.598838	1.879626	0.723256	0.051958	0.270302	40	43	1.203310	0.000000	3.094445	20.077603	6	PASS
2026-03-15T15:14:29.118985+00:00	ema_20_50_hh_hl_voltarget_v23	0.824454	2.609531	1.910241	0.732025	0.056244	0.279387	40	43	1.206714	0.000000	3.094005	21.131040	6	PASS
2026-03-15T15:14:58.296732+00:00	ema_20_50_hh_hl_voltarget_v24	0.826431	2.615862	1.927632	0.736901	0.058785	0.284397	40	43	1.208719	0.000000	3.093741	21.794480	6	PASS
2026-03-15T15:15:26.831738+00:00	ema_20_50_hh_hl_voltarget_v25	0.827719	2.620048	1.938847	0.740005	0.060467	0.287572	40	43	1.210041	0.000000	3.093565	22.250376	6	PASS
2026-03-15T15:16:03.186965+00:00	ema_20_50_hh_hl_voltarget_v26	0.828983	2.624207	1.949774	0.742996	0.062139	0.290623	40	43	1.211350	0.000000	3.093389	22.717458	6	PASS
2026-03-15T15:16:44.210810+00:00	ema_20_50_hh_hl_voltarget_v27	0.829606	2.626276	1.955133	0.744451	0.062971	0.292105	40	43	1.212000	0.000000	3.093301	22.955278	6	PASS
2026-03-15T15:17:14.863256+00:00	ema_20_50_hh_hl_voltarget_v28	0.830224	2.628339	1.960423	0.745879	0.063801	0.293558	40	43	1.212647	0.000000	3.093213	23.195995	6	PASS
2026-03-15T15:17:46.811588+00:00	ema_20_50_hh_hl_voltarget_v29	0.830837	2.630394	1.965647	0.747282	0.064629	0.294984	40	43	1.213291	0.000000	3.093125	23.439644	6	PASS
2026-03-15T15:18:18.993047+00:00	ema_20_50_hh_hl_voltarget_v30	0.831443	2.632444	1.970806	0.748660	0.065454	0.296384	40	43	1.213932	0.000000	3.093037	23.686259	6	PASS
2026-03-15T15:18:47.942316+00:00	ema_20_50_hh_hl_voltarget_v31	0.832045	2.634486	1.975900	0.750014	0.066277	0.297758	40	43	1.214570	0.000000	3.092949	23.935876	6	PASS
2026-03-15T15:19:17.928992+00:00	ema_20_50_hh_hl_voltarget_v32	0.832642	2.636522	1.980932	0.751343	0.067097	0.299106	40	43	1.215205	0.000000	3.092861	24.188529	6	PASS
2026-03-15T15:20:38.895209+00:00	ema_20_50_hh_hl_vt_scalein_v1	0.801200	2.327515	2.130907	0.915529	0.051077	0.261063	40	43	1.712871	0.000000	3.372767	19.321498	7	FAIL
2026-03-15T15:21:16.331825+00:00	ema_20_50_hh_hl_voltarget_v33	0.830354	2.614260	1.985467	0.759476	0.066164	0.299025	40	43	1.194393	0.000000	3.062130	23.580034	6	PASS
2026-03-15T15:21:39.953731+00:00	ema_20_50_hh_hl_voltarget_v34	0.833499	2.648444	1.969914	0.743800	0.068591	0.299397	40	43	1.250532	0.000000	3.108689	25.420661	6	FAIL
2026-03-15T15:22:02.966691+00:00	ema_20_50_hh_hl_voltarget_v35	0.833638	2.646392	1.977080	0.747085	0.067754	0.299251	40	43	1.236789	0.000000	3.106917	24.855124	6	PASS
2026-03-15T15:22:30.656123+00:00	ema_20_50_hh_hl_voltarget_v36	0.834231	2.648423	1.982059	0.748392	0.068579	0.300577	40	43	1.237426	0.000000	3.106829	25.125684	6	FAIL
2026-03-15T15:23:03.765191+00:00	ema_20_50_hl_only_vt_v1	0.770877	2.288486	1.842849	0.805270	0.070380	0.369685	45	49	1.537725	0.000000	2.735379	21.485212	6	FAIL
2026-03-15T15:23:22.430303+00:00	ema_20_50_hl_only_vt_v2	0.755310	2.237375	1.709229	0.763944	0.049595	0.321004	45	49	1.529925	0.000000	2.737165	16.749069	6	FAIL
2026-03-15T15:23:47.515877+00:00	ema_20_50_hh_only_vt_v1	0.783687	2.273290	2.314892	1.018301	0.073927	0.358351	45	55	1.423762	0.000000	2.671075	21.796454	6	FAIL
2026-03-15T15:24:18.390284+00:00	ema_20_50_hh_hl_voltarget_v37	0.836754	2.655814	2.010008	0.756833	0.068044	0.303036	40	43	1.248787	0.000000	3.138895	25.111520	6	FAIL
2026-03-15T15:24:46.987530+00:00	ema_20_50_hh_hl_voltarget_v38	0.836408	2.653774	2.004981	0.755521	0.067212	0.301707	40	43	1.248129	0.000000	3.138986	24.841250	6	FAIL
2026-03-15T15:25:17.925023+00:00	ema_20_50_hh_hl_voltarget_v39	0.835447	2.649673	1.994734	0.752823	0.065542	0.298971	40	43	1.246805	0.000000	3.139167	24.310608	6	PASS
2026-03-15T15:25:42.700967+00:00	ema_20_50_hh_hl_voltarget_v40	0.836054	2.651727	1.999891	0.754184	0.066379	0.300352	40	43	1.247469	0.000000	3.139076	24.574292	6	FAIL
2026-03-15T15:26:13.915328+00:00	ema_20_50_hh_hl_voltarget_v41	0.835394	2.651882	1.991838	0.751104	0.067821	0.300791	40	43	1.244728	0.000000	3.122761	25.000133	6	FAIL
2026-03-15T15:26:39.339396+00:00	ema_20_50_hh_hl_voltarget_v42	0.834797	2.649844	1.986805	0.749782	0.066992	0.299449	40	43	1.244082	0.000000	3.122851	24.731036	6	PASS
2026-03-15T15:27:19.342439+00:00	ema_20_50_hh_hl_volz_v1	0.831074	2.636920	1.943139	0.736897	0.070838	0.278339	40	43	1.225462	0.000000	3.064519	26.132538	6	PASS
2026-03-15T15:27:43.541882+00:00	ema_20_50_hh_hl_volz_v2	0.835827	2.653638	1.982195	0.746973	0.077959	0.288924	40	43	1.230184	0.000000	3.063803	28.823078	6	PASS
2026-03-15T15:28:09.849490+00:00	ema_20_50_hh_hl_volz_v3	0.838071	2.661822	2.000433	0.751528	0.081457	0.293695	40	43	1.232483	0.000000	3.063445	30.286980	6	PASS
2026-03-15T15:28:35.816202+00:00	ema_20_50_hh_hl_volz_v4	0.838737	2.665872	2.009256	0.753695	0.083191	0.295965	40	43	1.233616	0.000000	3.063266	31.050506	6	PASS
2026-03-15T15:28:57.322168+00:00	ema_20_50_hh_hl_volz_v5	0.839395	2.669895	2.017889	0.755793	0.084915	0.298163	40	43	1.234739	0.000000	3.063087	31.835849	6	PASS
2026-03-15T15:29:24.197018+00:00	ema_20_50_hh_hl_volz_v6	0.839722	2.671895	2.022136	0.756817	0.085774	0.299236	40	43	1.235297	0.000000	3.062998	32.236886	6	PASS
2026-03-15T15:29:51.885340+00:00	ema_20_50_hh_hl_volz_v7	0.840047	2.673889	2.026339	0.757824	0.086630	0.300293	40	43	1.235852	0.000000	3.062908	32.643599	6	FAIL
2026-03-15T15:30:16.154347+00:00	ema_20_50_hh_hl_volz_v8	0.836119	2.647083	1.998497	0.754981	0.084776	0.299158	40	43	1.225007	0.000000	3.025767	31.618082	6	PASS
2026-03-15T15:30:38.849706+00:00	ema_20_50_hh_hl_volz_v9	0.842345	2.689427	2.046010	0.760761	0.086745	0.299313	40	43	1.255787	0.000000	3.095605	33.019174	6	FAIL
2026-03-15T15:31:00.501210+00:00	ema_20_50_hh_hl_volz_v10	0.841485	2.683757	2.037728	0.759282	0.086406	0.299288	40	43	1.249169	0.000000	3.084616	32.752061	6	PASS
2026-03-15T15:31:27.399797+00:00	ema_20_50_hh_hl_volz_v11	0.840606	2.677853	2.029871	0.758022	0.086080	0.299262	40	43	1.242253	0.000000	3.073733	32.496128	6	PASS
2026-03-15T23:49:15.518124+00:00	ema_20_50_hh_hl_volz_reentry_v1	0.795192	2.608554	1.773122	0.679734	0.124792	0.308143	72	53	1.044973	0.000000	2.506291	41.930398	7	FAIL
2026-03-15T23:49:40.872526+00:00	ema_20_50_hh_hl_volz_reentry_v2	0.793247	2.600165	1.759477	0.676679	0.121348	0.304772	72	53	1.044595	0.000000	2.506541	39.543421	7	FAIL
2026-03-15T23:49:59.353172+00:00	ema_20_50_hh_hl_volz_reentry_v3	0.790592	2.588869	1.740599	0.672339	0.116685	0.300021	72	53	1.044124	0.000000	2.506874	36.599199	7	FAIL
2026-03-15T23:50:18.121304+00:00	ema_20_50_hh_hl_volz_reentry_v4	0.790525	2.588585	1.740116	0.672227	0.116568	0.299898	72	53	1.044113	0.000000	2.506882	36.528915	7	PASS
2026-03-15T23:50:43.592827+00:00	ema_20_50_hh_hl_volz_reentry_v5	0.797004	2.652409	1.790672	0.675112	0.117896	0.308047	63	52	1.166465	0.000000	2.420034	27.430065	7	FAIL
2026-03-15T23:51:19.853369+00:00	ema_20_50_hh_hl_volz_reentry_v6	0.828912	2.815579	1.818754	0.645961	0.130378	0.308143	73	52	0.971830	0.000000	2.603683	47.278242	8	FAIL
2026-03-15T23:51:41.750102+00:00	ema_20_50_hh_hl_volz_reentry_v7	0.827120	2.808524	1.805241	0.642772	0.126397	0.304772	73	52	0.969673	0.000000	2.603943	44.867058	8	FAIL
2026-03-15T23:51:58.972040+00:00	ema_20_50_hh_hl_volz_reentry_v8	0.824660	2.798929	1.786541	0.638294	0.121545	0.300021	73	52	0.966676	0.000000	2.604290	41.544989	8	FAIL
2026-03-15T23:52:16.537475+00:00	ema_20_50_hh_hl_volz_reentry_v9	0.824598	2.798687	1.786063	0.638179	0.121425	0.299898	73	52	0.966599	0.000000	2.604299	41.463767	8	PASS
2026-03-15T23:52:54.164784+00:00	ema_20_50_hh_hl_volz_reentry_v10	0.853576	2.856338	1.943820	0.680529	0.103955	0.297247	73	52	1.035041	0.000000	2.760311	37.314663	8	PASS
2026-03-15T23:53:22.280347+00:00	ema_20_50_hh_hl_volz_reentry_v11	0.854118	2.858308	1.948147	0.681573	0.105038	0.298282	73	52	1.035724	0.000000	2.760230	37.835193	8	PASS
2026-03-15T23:53:40.932938+00:00	ema_20_50_hh_hl_volz_reentry_v12	0.854656	2.860268	1.952428	0.682603	0.106120	0.299301	73	52	1.036402	0.000000	2.760150	38.363917	8	PASS
2026-03-15T23:54:03.620573+00:00	ema_20_50_hh_hl_volz_reentry_v13	0.855190	2.862219	1.956664	0.683618	0.107199	0.300303	73	52	1.037075	0.000000	2.760069	38.900958	8	FAIL
2026-03-15T23:54:29.083932+00:00	ema_20_50_hh_hl_volz_reentry_v14	0.861335	2.882985	1.982080	0.687510	0.107547	0.299243	73	52	1.063503	0.000000	2.793331	40.380591	8	PASS
2026-03-15T23:54:54.598021+00:00	ema_20_50_hh_hl_volz_reentry_v15	0.865156	2.896353	1.997185	0.689551	0.108330	0.298739	73	52	1.072384	0.000000	2.814167	41.292775	8	PASS
2026-03-15T23:55:17.779533+00:00	ema_20_50_hh_hl_volz_reentry_v16	0.866463	2.901471	2.010448	0.692907	0.109224	0.297815	73	52	1.076505	0.000000	2.821187	41.172716	8	PASS
2026-03-15T23:55:41.452178+00:00	ema_20_50_hh_hl_volz_reentry_v17	0.866853	2.903168	2.020196	0.695859	0.109803	0.297226	73	52	1.080143	0.000000	2.822667	40.902083	8	PASS
2026-03-15T23:56:05.535149+00:00	ema_20_50_hh_hl_volz_reentry_v18	0.866942	2.902979	2.036753	0.701608	0.111079	0.296132	73	52	1.081238	0.000000	2.821179	40.133194	8	PASS
2026-03-15T23:56:38.632893+00:00	ema_20_50_hh_hl_volz_reentry_v19	0.812787	2.576213	2.067923	0.802699	0.121600	0.297226	73	52	1.159704	0.000000	2.528374	24.520461	8	PASS
2026-03-15T23:57:03.050936+00:00	ema_20_50_hh_hl_volz_reentry_v20	0.857232	2.828171	2.025503	0.716189	0.102072	0.298032	64	50	1.163606	0.000000	2.841495	35.764271	8	PASS
2026-03-15T23:57:38.513009+00:00	ema_20_50_hh_hl_volz_reentry_v21	0.876699	2.944742	2.049101	0.695851	0.111777	0.298876	73	52	1.107139	0.000000	2.902294	42.448306	8	PASS
2026-03-15T23:58:07.033417+00:00	ema_20_50_hh_hl_volz_reentry_v22	0.880157	2.959042	2.064719	0.697766	0.112707	0.298624	73	52	1.110668	0.000000	2.931733	41.864986	8	PASS
2026-03-15T23:58:31.936570+00:00	ema_20_50_hh_hl_volz_reentry_v23	0.882036	2.966998	2.070031	0.697685	0.113169	0.298360	73	52	1.107222	0.000000	2.948720	41.274560	8	PASS
2026-03-15T23:58:54.139967+00:00	ema_20_50_hh_hl_volz_reentry_v24	0.883261	2.971693	2.076010	0.698595	0.113401	0.298097	73	52	1.099372	0.000000	2.960007	40.791298	8	PASS
2026-03-15T23:59:18.236538+00:00	ema_20_50_hh_hl_volz_reentry_v25	0.883444	2.967921	2.088634	0.703736	0.113883	0.297572	73	52	1.108393	0.000000	2.970392	39.900698	8	PASS
2026-03-15T23:59:45.046799+00:00	ema_20_50_hh_hl_volz_reentry_v26	0.882098	2.986192	2.052819	0.687437	0.119081	0.297673	73	52	1.082705	0.000000	2.926469	42.711961	8	PASS
2026-03-16T00:25:36.128767+00:00	ema_20_50_hh_hl_volz_reentry_tp_v1	0.859341	3.300424	1.505489	0.456150	0.102664	0.340546	98	63	0.552845	0.000000	2.921782	54.669331	9	FAIL
2026-03-16T00:26:06.457500+00:00	ema_20_50_hh_hl_volz_reentry_tp_v2	0.888386	3.150157	2.083454	0.661381	0.104079	0.284064	85	59	0.861752	0.000000	2.919197	49.532474	9	PASS
2026-03-16T00:26:39.691467+00:00	ema_20_50_hh_hl_volz_reentry_tp_v3	0.874474	3.227049	1.731029	0.536412	0.104472	0.322098	90	61	0.535962	0.000000	2.977886	49.342811	9	FAIL
2026-03-16T00:27:17.475508+00:00	ema_20_50_hh_hl_volz_reentry_tp_v4	0.888699	3.155928	2.099421	0.665231	0.108393	0.288033	85	59	0.863301	0.000000	2.918817	52.829590	9	PASS
2026-03-16T00:27:34.218256+00:00	ema_20_50_hh_hl_volz_reentry_tp_v5	0.889000	3.161577	2.114726	0.668883	0.112680	0.291776	85	59	0.864825	0.000000	2.918436	56.375949	9	PASS
2026-03-16T00:27:56.479679+00:00	ema_20_50_hh_hl_volz_reentry_tp_v6	0.889218	3.165736	2.125795	0.671501	0.115878	0.294446	85	59	0.865951	0.000000	2.918151	59.209877	9	PASS
2026-03-16T00:28:20.881786+00:00	ema_20_50_hh_hl_volz_reentry_tp_v7	0.889431	3.169830	2.136529	0.674020	0.119062	0.297008	85	59	0.867064	0.000000	2.917866	62.201258	9	PASS
2026-03-16T00:28:45.802618+00:00	ema_20_50_hh_hl_volz_reentry_tp_v8	0.889570	3.172525	2.143507	0.675647	0.121180	0.298659	85	59	0.867798	0.000000	2.917676	64.285211	9	PASS
2026-03-16T00:29:07.581714+00:00	ema_20_50_hh_hl_volz_reentry_tp_v9	0.889638	3.173861	2.146943	0.676445	0.122237	0.299468	85	59	0.868163	0.000000	2.917581	65.355657	9	PASS
2026-03-16T00:29:24.824462+00:00	ema_20_50_hh_hl_volz_reentry_tp_v10	0.889706	3.175192	2.150346	0.677234	0.123291	0.300266	85	59	0.868526	0.000000	2.917486	66.445510	9	FAIL
2026-03-16T00:29:48.867951+00:00	ema_20_50_hh_hl_volz_reentry_tp_v11	0.879827	2.985988	2.205903	0.738752	0.124290	0.299414	80	58	1.053674	0.000000	2.788454	55.586484	9	PASS
2026-03-16T00:30:37.117850+00:00	ema_20_50_hh_hl_volz_reentry_tp_v12	0.889215	3.131695	2.151976	0.687160	0.125939	0.304222	85	59	0.961102	0.000000	2.931472	59.356377	9	FAIL
2026-03-16T00:31:23.097904+00:00	ema_20_50_hh_hl_volz_reentry_tp_tighten_v1	0.890279	3.319810	1.980525	0.596578	0.117111	0.310032	94	67	1.557817	0.000000	2.918346	86.493366	10	FAIL
2026-03-16T00:31:45.116855+00:00	ema_20_50_hh_hl_volz_reentry_tp_tighten_v2	0.889364	3.288881	2.071162	0.629747	0.118130	0.318012	86	64	1.003862	0.000000	2.917152	71.672829	10	FAIL
2026-03-16T00:32:24.483713+00:00	ema_20_50_hh_hl_volz_reentry_tp_v13	0.893277	3.208863	2.182714	0.680214	0.125176	0.305074	85	59	0.928032	0.000000	2.971320	68.621061	9	FAIL
2026-03-16T00:32:44.074680+00:00	ema_20_50_hh_hl_volz_reentry_tp_v14	0.893073	3.204897	2.172420	0.677844	0.121925	0.301584	85	59	0.926902	0.000000	2.971622	65.240113	9	FAIL
2026-03-16T00:33:01.570587+00:00	ema_20_50_hh_hl_volz_reentry_tp_v15	0.892864	3.200868	2.161805	0.675381	0.118659	0.297973	85	59	0.925758	0.000000	2.971924	62.039558	9	PASS
2026-03-16T00:33:37.615289+00:00	ema_20_50_hh_hl_volz_reentry_tp_v16	0.892934	3.202218	2.165380	0.676213	0.119750	0.299191	85	59	0.926141	0.000000	2.971824	63.086931	9	PASS
2026-03-16T00:34:07.998570+00:00	ema_20_50_hh_hl_volz_reentry_tp_v17	0.894676	3.215077	2.170129	0.674985	0.115095	0.297427	85	59	0.972276	0.000000	3.015759	60.431899	9	PASS
2026-03-16T00:34:32.910484+00:00	ema_20_50_hh_hl_volz_reentry_tp_v18	0.895283	3.232205	2.192520	0.678336	0.116593	0.300806	85	59	1.019864	0.000000	3.055631	63.545527	9	FAIL
2026-03-16T00:34:50.520882+00:00	ema_20_50_hh_hl_volz_reentry_tp_v19	0.895205	3.230819	2.188760	0.677463	0.115459	0.299482	85	59	1.019384	0.000000	3.055742	62.437542	9	PASS
2026-03-16T00:35:28.937806+00:00	ema_20_50_hh_hl_volz_reentry_tp_v20	0.895550	3.247055	2.194757	0.675922	0.112157	0.292289	85	59	1.054730	0.000000	3.110771	60.621436	9	PASS
2026-03-16T00:35:53.859057+00:00	ema_20_50_hh_hl_volz_reentry_tp_v21	0.895789	3.251293	2.206387	0.678618	0.115617	0.296366	85	59	1.056308	0.000000	3.110423	63.954060	9	PASS
2026-03-16T00:36:12.190377+00:00	ema_20_50_hh_hl_volz_reentry_tp_v22	0.896021	3.255458	2.217633	0.681205	0.119062	0.300294	85	59	1.057867	0.000000	3.110075	67.487724	9	FAIL
2026-03-16T00:36:42.415228+00:00	ema_20_50_hh_hl_volz_reentry_tp_v23	0.895945	3.254077	2.213926	0.680354	0.117915	0.299001	85	59	1.057349	0.000000	3.110191	66.286814	9	PASS
2026-03-16T00:37:34.006013+00:00	ema_20_50_hh_hl_volz_reentry_smarttp_v1	0.895756	3.244690	2.213926	0.682323	0.118394	0.299001	85	59	1.059332	0.000000	3.104733	64.007367	9	PASS
2026-03-16T00:38:28.708924+00:00	ema_20_50_hh_hl_volz_reentry_2tp_v1	0.885555	3.348146	1.853948	0.553724	0.115577	0.314001	103	67	1.064042	0.000000	3.073205	72.220928	10	FAIL
2026-03-16T00:55:22.744394+00:00	ema_20_50_hh_hl_volz_re_tp_perpexit_v1	0.801909	2.765194	1.466334	0.530282	0.118056	0.435210	91	68	1.043878	0.000000	2.519180	57.961090	9	FAIL
2026-03-16T00:56:18.995193+00:00	ema_20_50_volz_re_tp_widetrail_v1	0.895898	3.221618	2.113430	0.656015	0.107792	0.299001	81	59	1.039059	0.000000	3.193370	87.007828	9	PASS
2026-03-16T00:57:02.135371+00:00	ema_20_50_hh_hl_volz_re_tp55_v1	0.896267	3.263578	2.211645	0.677675	0.117207	0.300747	85	59	1.038022	0.000000	3.106084	67.955455	9	FAIL
2026-03-16T00:57:20.880252+00:00	ema_20_50_hh_hl_volz_re_tp55_v2	0.896191	3.262226	2.207910	0.676811	0.116065	0.299422	85	59	1.037509	0.000000	3.106199	66.729328	9	PASS
2026-03-16T00:57:53.803471+00:00	ema_20_50_volz_re_adaptive_tp55_v1	0.895503	3.329702	2.187959	0.657103	0.117504	0.298713	85	59	1.076112	0.000000	3.169353	73.962110	9	PASS
2026-03-16T01:02:02.609475+00:00	ema_20_50_longshort_volz_re_tp_v1	0.701387	2.300800	1.022996	0.444627	0.078136	0.527393	152	125	1.070367	0.000000	2.110872	16.752046	10	FAIL
2026-03-16T01:02:53.485094+00:00	ema_20_50_hh_hl_volz_re_tp_effic_v1	0.886801	3.377385	2.066817	0.611958	0.106563	0.301137	81	56	1.125516	0.000000	3.412865	42.975133	9	FAIL
2026-03-16T01:03:13.851040+00:00	ema_20_50_hh_hl_volz_re_tp_effic_v2	0.888140	3.309999	2.125681	0.642200	0.109623	0.292718	83	57	1.220304	0.000000	3.087040	42.010064	9	PASS
2026-03-16T01:04:16.968224+00:00	ema_20_50_volz_re_noTPre_v1	0.895796	3.256808	2.207910	0.677937	0.117674	0.299422	82	59	1.038650	0.000000	3.107643	64.529248	9	PASS
2026-03-16T01:05:27.733492+00:00	breakout_hh_hl_volz_re_tp_v1	0.368438	-0.036818	2.179501	2179500999869.087646	0.167383	0.203624	57	22	3.070673	0.333333	1.053081	2.838456	8	FAIL
2026-03-16T01:06:17.749231+00:00	ema_20_50_dual_entry_volz_re_tp_v1	0.882112	3.043067	2.015125	0.662202	0.160653	0.318434	115	66	2.116555	0.000000	2.624310	76.767162	9	FAIL
2026-03-16T01:07:02.291798+00:00	ema_20_50_volz_fund_re_tp_v1	0.896494	3.274456	2.210559	0.675092	0.114027	0.298366	85	59	1.046009	0.000000	3.119613	67.408894	9	PASS
2026-03-16T01:07:52.119050+00:00	ema_20_50_volz_fund_re_tp_v2	0.896665	3.280761	2.211881	0.674197	0.112837	0.297836	85	59	1.050381	0.000000	3.127147	67.923674	9	PASS
2026-03-16T01:08:18.956378+00:00	ema_20_50_volz_fund_re_tp_v3	0.896801	3.286115	2.213202	0.673501	0.111988	0.297307	85	59	1.054916	0.000000	3.133719	68.191285	9	PASS
2026-03-16T01:08:48.074796+00:00	ema_20_50_volz_fund_re_tp_v4	0.897111	3.297108	2.215840	0.672055	0.109949	0.296246	85	59	1.064304	0.000000	3.148571	69.078214	9	PASS
2026-03-16T01:09:19.387724+00:00	ema_20_50_volz_fund_re_tp_v5	0.897424	3.307329	2.218472	0.670774	0.107910	0.295183	85	59	1.074270	0.000000	3.164228	70.071764	9	PASS
2026-03-16T01:09:43.744217+00:00	ema_20_50_volz_fund_re_tp_v6	0.897738	3.316658	2.221098	0.669680	0.105872	0.294117	85	59	1.084931	0.000000	3.180756	71.174415	9	PASS
2026-03-16T01:10:08.889274+00:00	ema_20_50_volz_fund_re_tp_v7	0.898051	3.324963	2.223718	0.668795	0.103907	0.293050	85	59	1.096434	0.000000	3.198228	72.364838	9	PASS
2026-03-16T01:10:37.718373+00:00	ema_20_50_volz_fund_re_tp_v8	0.898363	3.332099	2.226332	0.668147	0.102687	0.291980	85	59	1.108959	0.000000	3.216726	73.448145	9	PASS
2026-03-16T01:11:09.219064+00:00	ema_20_50_volz_fund_re_tp_v9	0.898672	3.337911	2.228939	0.667765	0.101466	0.290909	85	59	1.122726	0.000000	3.236343	74.685270	9	PASS
2026-03-16T01:11:36.586506+00:00	ema_20_50_volz_fund_re_tp_v10	0.899274	3.344904	2.234132	0.667921	0.099020	0.288759	85	59	1.155091	0.000000	3.279360	77.629446	9	PASS
2026-03-16T01:12:07.574148+00:00	ema_20_50_volz_fund_re_tp_v11	0.899841	3.344643	2.239297	0.669517	0.096571	0.286600	85	59	1.196197	0.000000	3.328295	81.222964	9	PASS
2026-03-16T01:12:34.869298+00:00	ema_20_50_volz_fund_re_tp_v12	0.900107	3.341440	2.241867	0.670929	0.095345	0.285517	85	59	1.221031	0.000000	3.355382	83.275388	9	PASS
2026-03-16T01:13:03.953442+00:00	ema_20_50_volz_fund_re_tp_v13	0.900359	3.336062	2.244430	0.672778	0.094118	0.284433	85	59	1.249278	0.000000	3.384479	85.506920	9	PASS
2026-03-16T01:14:16.957489+00:00	ema_20_50_volz_fund_oi_re_tp_v1	0.900531	3.335536	2.246077	0.673378	0.094072	0.284705	85	59	1.240073	0.000000	3.390132	87.763886	9	PASS
2026-03-16T01:14:46.422998+00:00	ema_20_50_volz_fund_oi_re_tp_v2	0.900616	3.335221	2.246896	0.673687	0.094049	0.284841	85	59	1.235494	0.000000	3.393056	88.932390	9	PASS
2026-03-16T01:15:13.229999+00:00	ema_20_50_volz_fund_oi_re_tp_v3	0.900700	3.334872	2.247711	0.674002	0.094027	0.284977	85	59	1.230931	0.000000	3.396044	90.128118	9	PASS
2026-03-16T01:15:40.858133+00:00	ema_20_50_volz_fund_oi_re_tp_v4	0.900867	3.334071	2.249331	0.674650	0.093981	0.285250	85	59	1.221853	0.000000	3.402212	92.602920	9	PASS
2026-03-16T01:16:09.179151+00:00	ema_20_50_volz_fund_oi_re_tp_v5	0.901030	3.333133	2.250938	0.675322	0.093936	0.285524	85	59	1.212840	0.000000	3.408636	95.191694	9	PASS
2026-03-16T01:16:40.439520+00:00	ema_20_50_volz_fund_oi_re_tp_v6	0.901191	3.332060	2.252532	0.676018	0.093892	0.285797	85	59	1.203891	0.000000	3.415312	97.897952	9	PASS
2026-03-16T01:17:06.098113+00:00	ema_20_50_volz_fund_oi_re_tp_v7	0.901349	3.330852	2.254112	0.676737	0.093847	0.286071	85	59	1.195007	0.000000	3.422241	100.725312	9	PASS
2026-03-16T01:17:30.781310+00:00	ema_20_50_volz_fund_oi_re_tp_v8	0.901505	3.329509	2.255679	0.677481	0.093803	0.286345	85	59	1.186189	0.000000	3.429419	103.677502	9	PASS
2026-03-16T01:18:01.669924+00:00	ema_20_50_volz_fund_oi_re_tp_v9	0.901657	3.328032	2.257232	0.678248	0.093759	0.286620	85	59	1.177439	0.000000	3.436847	106.758366	9	PASS
2026-03-16T01:18:35.895127+00:00	ema_20_50_volz_fund_oi_re_tp_v10	0.901807	3.326422	2.258771	0.679039	0.093715	0.286895	85	59	1.168757	0.000000	3.444522	109.971861	9	PASS
2026-03-16T01:19:07.355873+00:00	ema_20_50_volz_fund_oi_re_tp_v11	0.901954	3.324679	2.260297	0.679854	0.093671	0.287170	85	59	1.160145	0.000000	3.452443	113.322063	9	PASS
2026-03-16T01:19:40.613397+00:00	ema_20_50_volz_fund_oi_re_tp_v12	0.902439	3.306969	2.265072	0.684939	0.091142	0.284971	85	59	1.236318	0.000000	3.519996	120.542577	9	PASS
2026-03-16T01:20:17.440100+00:00	ema_20_50_volz_fund_oi_re_tp_v13	0.902647	3.295144	2.267447	0.688118	0.089906	0.283869	85	59	1.280713	0.000000	3.558309	124.565094	9	FAIL
2026-03-16T01:20:45.640893+00:00	ema_20_50_volz_fund_oi_re_tp_v14	0.902628	3.311970	2.276001	0.687205	0.093619	0.288792	85	59	1.236280	0.000000	3.519660	129.805939	9	PASS
2026-03-16T01:21:15.795464+00:00	ema_20_50_volz_fund_oi_re_tp_v15	0.902812	3.316922	2.286574	0.689366	0.096076	0.292479	85	59	1.236245	0.000000	3.519323	139.784774	9	PASS
2026-03-16T01:21:42.099190+00:00	ema_20_50_volz_fund_oi_re_tp_v16	0.902990	3.321828	2.296807	0.691429	0.098511	0.296039	85	59	1.236212	0.000000	3.518986	150.527948	9	PASS
2026-03-16T01:22:07.084676+00:00	ema_20_50_volz_fund_oi_re_tp_v17	0.903105	3.325073	2.303449	0.692751	0.100123	0.298346	85	59	1.236191	0.000000	3.518762	158.140087	9	PASS
2026-03-16T01:22:38.263771+00:00	ema_20_50_volz_fund_oi_re_tp_v18	0.903162	3.326688	2.306717	0.693397	0.100926	0.299480	85	59	1.236181	0.000000	3.518650	162.087117	9	PASS
2026-03-16T01:23:40.102838+00:00	ema_20_50_4factor_re_tp_v1	0.902189	3.234578	2.228241	0.688881	0.093287	0.287541	85	59	1.224816	0.000000	3.464836	161.929561	9	PASS
2026-03-16T01:24:21.344786+00:00	ema_20_50_4f_qqq_re_tp_v1	0.901705	3.356511	2.218539	0.660966	0.101579	0.304516	85	59	1.272970	0.000000	3.539810	155.688932	9	FAIL
2026-03-16T01:25:23.012760+00:00	ema_20_50_4f_exag_re_tp_v1	0.896625	3.459098	2.158945	0.624135	0.107234	0.322179	85	59	1.250682	0.000000	3.464315	104.959477	9	FAIL
2026-03-16T01:26:13.736755+00:00	ema_20_50_3f_adaptp_re_v1	0.901617	3.283212	2.224539	0.677549	0.101019	0.299480	84	60	1.159921	0.000000	3.501297	160.380962	9	PASS
2026-03-16T01:26:48.998899+00:00	ema_20_50_3f_adaptp_re_v2	0.902098	3.265739	2.231741	0.683380	0.097887	0.296043	84	60	1.262848	0.000000	3.596101	169.532027	9	FAIL
2026-03-16T01:27:11.435014+00:00	ema_20_50_3f_adaptp_re_v3	0.901836	3.273188	2.226948	0.680361	0.099658	0.298337	84	60	1.202943	0.000000	3.539900	166.152217	9	PASS
2026-03-16T01:27:56.360120+00:00	ema_20_50_4f_dist_re_tp_v1	0.902967	3.253491	2.253348	0.692594	0.088891	0.273032	85	59	1.250354	0.000000	3.531194	148.490635	9	FAIL
2026-03-16T01:28:22.436613+00:00	ema_20_50_4f_dist_re_tp_v2	0.903017	3.273583	2.267471	0.692657	0.091926	0.280114	85	59	1.245371	0.000000	3.527554	151.654724	9	PASS
2026-03-16T01:28:51.202914+00:00	ema_20_50_4f_dist_re_tp_v3	0.903348	3.282674	2.286461	0.696524	0.096306	0.286675	85	59	1.245272	0.000000	3.526970	175.175445	9	PASS
2026-03-16T01:29:23.262347+00:00	ema_20_50_4f_dist_re_tp_v4	0.903660	3.291615	2.304371	0.700073	0.100616	0.292840	85	59	1.245176	0.000000	3.526386	202.237256	9	PASS
2026-03-16T01:29:49.701587+00:00	ema_20_50_4f_dist_re_tp_v5	0.903858	3.297494	2.315753	0.702277	0.103453	0.296748	85	59	1.245112	0.000000	3.525997	222.472157	9	PASS
2026-03-16T01:30:18.944378+00:00	ema_20_50_4f_dist_re_tp_v6	0.904002	3.301862	2.324013	0.703849	0.105561	0.299579	85	59	1.245064	0.000000	3.525705	238.904762	9	PASS
2026-03-16T01:31:43.199795+00:00	ema_20_50_4f_trail020_v1	0.909400	3.808365	2.104233	0.552529	0.109434	0.315316	90	56	1.463144	0.000000	3.841925	230.800146	9	FAIL
2026-03-16T01:32:06.474386+00:00	ema_20_50_4f_trail0195_v1	0.907751	3.541580	2.183087	0.616416	0.109081	0.305840	89	58	1.796520	0.000000	3.791304	255.832642	9	FAIL
2026-03-16T01:32:37.554759+00:00	ema_20_50_4f_trail0188_v1	0.881078	3.075048	1.773399	0.576706	0.105743	0.402336	86	57	1.421429	0.000000	3.156573	236.395877	9	FAIL
2026-03-16T01:33:23.722775+00:00	ema_20_50_4f_voltrail_v1	0.905087	3.503019	2.124774	0.606555	0.109166	0.296451	89	59	1.476531	0.000000	3.435949	241.172946	9	FAIL
2026-03-16T01:33:52.246595+00:00	ema_20_50_4f_voltrail_v2	0.907049	3.415102	2.318391	0.678864	0.108826	0.299579	88	59	1.810498	0.000000	3.605029	253.573297	9	FAIL
2026-03-16T01:34:42.772463+00:00	ema_20_50_4f_progtrail_v1	0.909094	3.667787	2.209403	0.602380	0.103018	0.312059	87	58	1.056620	0.000000	3.836284	242.363211	9	FAIL
2026-03-16T01:35:10.128267+00:00	ema_20_50_4f_progtrail_v2	0.908799	3.659596	2.192358	0.599071	0.098879	0.305832	87	58	1.057747	0.000000	3.836916	210.427397	9	FAIL
2026-03-16T01:35:33.427004+00:00	ema_20_50_4f_progtrail_v3	0.908595	3.654052	2.180475	0.596728	0.096085	0.301474	87	58	1.058519	0.000000	3.837338	191.440898	9	FAIL
2026-03-16T01:35:55.621423+00:00	ema_20_50_4f_progtrail_v4	0.908542	3.652656	2.177436	0.596124	0.095381	0.300358	87	58	1.058714	0.000000	3.837443	186.961519	9	FAIL
2026-03-16T01:36:17.194091+00:00	ema_20_50_4f_progtrail_v5	0.908490	3.651255	2.174369	0.595513	0.094676	0.299230	87	58	1.058911	0.000000	3.837548	182.584738	9	PASS
2026-03-16T01:36:56.799289+00:00	ema_20_50_4f_progtrail_v6	0.909279	3.677227	2.207935	0.600435	0.094676	0.293470	87	59	1.048600	0.000000	3.862808	182.859203	9	PASS
2026-03-16T01:37:28.632491+00:00	ema_20_50_4f_progtrail_v7	0.909434	3.681406	2.216973	0.602208	0.096786	0.296692	87	59	1.047941	0.000000	3.862489	196.303484	9	PASS
2026-03-16T01:38:03.155232+00:00	ema_20_50_4f_progtrail_v8	0.909585	3.685547	2.225765	0.603917	0.098879	0.299820	87	59	1.047292	0.000000	3.862170	210.709958	9	PASS
2026-03-16T01:41:45.658064+00:00	ema_20_50_4f_progtrail_wide_v1	0.910035	3.664906	2.265370	0.618125	0.098742	0.295246	87	59	1.129999	0.000000	3.950394	225.857860	9	PASS
2026-03-16T01:42:21.251785+00:00	ema_20_50_4f_progtrail_wide_v2	0.910132	3.667637	2.271019	0.619205	0.100235	0.297231	87	59	1.129514	0.000000	3.950174	236.908327	9	PASS
2026-03-16T01:42:47.540634+00:00	ema_20_50_4f_progtrail_wide_v3	0.910228	3.670351	2.276564	0.620258	0.101740	0.299179	87	59	1.129032	0.000000	3.949954	248.476232	9	PASS
2026-03-16T01:43:31.064904+00:00	ema_20_50_4f_progtrail_wide_v4	0.910103	3.639239	2.303916	0.633076	0.101745	0.294102	87	59	1.221848	0.000000	3.997173	242.554629	9	PASS
2026-03-16T01:44:21.812047+00:00	ema_20_50_4f_progtrail023_v1	0.908956	3.644691	2.207122	0.605572	0.101740	0.305313	87	58	1.137514	0.000000	3.923638	248.177981	9	FAIL
2026-03-16T01:45:26.230092+00:00	ema_20_50_4f_progtrail_cd10_v1	0.908870	3.426139	2.279219	0.665244	0.116251	0.299179	88	59	1.695540	0.000000	3.873345	257.042706	9	FAIL
2026-03-16T01:46:14.691361+00:00	ema_20_50_4f_progtrl_vartp_v1	0.909517	3.636801	2.252173	0.619273	0.101738	0.298667	87	59	1.114379	0.000000	3.922005	256.256811	9	PASS
2026-03-16T01:47:07.432067+00:00	ema_20_50_4f_progtrl_resethi_v1	0.909962	3.661879	2.276564	0.621693	0.102089	0.299179	87	59	1.129297	0.000000	3.941261	235.577841	9	PASS
2026-03-16T01:47:57.665539+00:00	ema_20_50_4f_progtrl_tp50_v1	0.910000	3.679801	2.271271	0.617227	0.102536	0.297999	87	59	1.139171	0.000000	3.975846	238.529088	9	PASS
2026-03-16T01:48:42.909213+00:00	ema_20_50_4f_progtrl_noemaree_v1	0.901933	3.741394	2.094887	0.559922	0.102144	0.299179	91	61	1.273900	0.000000	3.722904	87.817203	9	FAIL
2026-03-16T01:49:39.142955+00:00	ema_20_50_hl_4f_progtrl_v1	0.906187	2.987168	2.153204	0.720818	0.075077	0.277223	100	70	1.926968	0.000000	3.123145	58.426661	9	FAIL
2026-03-16T01:50:25.941782+00:00	ema_20_50_4f_progtrail_wide_v3	0.910228	3.670351	2.276564	0.620258	0.101740	0.299179	87	59	1.129032	0.000000	3.949954	248.476232	9	PASS
2026-03-16T01:51:14.947915+00:00	ema_20_50_4f_progtrl_agetp_v1	0.909483	3.622180	2.295068	0.633615	0.101907	0.299179	87	59	1.103130	0.000000	3.893029	228.291305	9	PASS
2026-03-16T01:52:31.631624+00:00	ema_20_50_5f_updown_progtrl_v1	0.909233	3.717861	2.307350	0.620612	0.106737	0.298158	87	59	1.233990	0.000000	3.930147	207.660251	9	PASS
2026-03-16T01:53:15.341248+00:00	ema_20_50_5f_momrev_progtrl_v1	0.910819	3.661397	2.327227	0.635612	0.102149	0.300696	87	59	1.115015	0.000000	3.931271	246.650269	9	FAIL
2026-03-16T01:53:41.212524+00:00	ema_20_50_5f_momrev_progtrl_v2	0.910772	3.660043	2.324487	0.635098	0.101394	0.299721	87	59	1.115270	0.000000	3.931381	240.842098	9	PASS
2026-03-16T01:54:31.464771+00:00	ema_20_50_5f_momrev_wide_v1	0.911141	3.655429	2.355484	0.644380	0.101602	0.300741	87	59	1.108289	0.000000	3.921782	239.797702	9	FAIL
2026-03-16T01:55:00.716358+00:00	ema_20_50_5f_momrev_wide_v2	0.911094	3.654071	2.352733	0.643866	0.100844	0.299752	87	59	1.108552	0.000000	3.921892	234.146386	9	PASS
2026-03-16T01:55:34.485287+00:00	ema_20_50_5f_momrev_wide_v3	0.911453	3.651533	2.381589	0.652216	0.100956	0.300777	87	59	1.105071	0.000000	3.916122	233.312111	9	FAIL
2026-03-16T01:56:00.286161+00:00	ema_20_50_5f_momrev_wide_v4	0.911406	3.650172	2.378829	0.651703	0.100197	0.299774	87	59	1.105338	0.000000	3.916232	227.811364	9	PASS
2026-03-16T01:56:36.138907+00:00	ema_20_50_5f_momrev_volz70_v1	0.911159	3.641804	2.403931	0.660094	0.102419	0.295852	87	59	1.139273	0.000000	3.922802	213.047996	9	PASS
2026-03-16T01:57:16.937590+00:00	ema_20_50_5f_fund10_v1	0.911554	3.628432	2.381103	0.656235	0.098906	0.298643	87	59	1.166150	0.000000	3.957159	237.850114	9	PASS
2026-03-16T01:57:48.110198+00:00	ema_20_50_5f_fund08_v1	0.911613	3.619437	2.382237	0.658179	0.098387	0.298076	87	59	1.193253	0.000000	3.976367	241.657790	9	PASS
2026-03-16T01:58:20.777271+00:00	ema_20_50_5f_fund05_v1	0.911663	3.604581	2.383368	0.661205	0.097709	0.297509	87	59	1.230898	0.000000	4.002823	248.700785	9	PASS
2026-03-16T01:58:57.394274+00:00	ema_20_50_5f_fund03_v1	0.911704	3.594791	2.384497	0.663320	0.097192	0.296941	87	59	1.259352	0.000000	4.024227	252.856283	9	FAIL
2026-03-16T01:59:29.119415+00:00	ema_20_50_5f_dist_wide_v1	0.911507	3.562029	2.353991	0.660857	0.090874	0.282579	87	59	1.253479	0.000000	4.014677	239.787940	9	FAIL
2026-03-16T02:00:01.923527+00:00	ema_20_50_5f_oi_wide_v1	0.912090	3.597396	2.387838	0.663768	0.097486	0.298399	87	59	1.216616	0.000000	4.037087	278.837136	9	PASS
2026-03-16T02:00:32.151672+00:00	ema_20_50_5f_oi_wide_v2	0.912361	3.592005	2.390752	0.665576	0.097338	0.298995	87	59	1.207690	0.000000	4.061490	301.138353	9	PASS
2026-03-16T02:01:06.033734+00:00	ema_20_50_5f_oi_wide_v3	0.912746	3.583028	2.395023	0.668436	0.097707	0.299891	87	59	1.195230	0.000000	4.100417	338.184420	9	PASS
2026-03-16T02:01:43.742193+00:00	ema_20_50_5f_oi_wide_v4	0.913106	3.572995	2.399174	0.671474	0.098628	0.300791	87	59	1.183937	0.000000	4.142118	379.971067	9	FAIL
2026-03-16T02:02:08.650591+00:00	ema_20_50_5f_oi_wide_v5	0.913059	3.571603	2.396409	0.670962	0.097883	0.299765	87	59	1.184414	0.000000	4.142239	369.858976	9	PASS
2026-03-16T02:03:55.402470+00:00	ema_20_50_5f_allwide_v1	0.913132	3.521407	2.405913	0.683225	0.093349	0.286821	87	59	1.244449	0.000000	4.202857	344.430140	9	PASS
2026-03-16T02:04:32.392036+00:00	ema_20_50_5f_allwide_v2	0.913324	3.526993	2.417167	0.685334	0.096303	0.290990	87	59	1.242324	0.000000	4.202385	384.067699	9	PASS
2026-03-16T02:05:02.914980+00:00	ema_20_50_5f_allwide_v3	0.913464	3.531152	2.425323	0.686836	0.098508	0.294013	87	59	1.240730	0.000000	4.202031	416.525333	9	PASS
2026-03-16T02:05:33.598974+00:00	ema_20_50_5f_allwide_v4	0.913600	3.535285	2.433245	0.688274	0.100704	0.296950	87	59	1.239136	0.000000	4.201676	451.498283	9	PASS
2026-03-16T02:06:05.155241+00:00	ema_20_50_5f_allwide_v5	0.913689	3.538026	2.438401	0.689198	0.102163	0.298863	87	59	1.238073	0.000000	4.201440	476.293459	9	PASS
2026-03-16T02:06:36.943031+00:00	ema_20_50_5f_allwide_v6	0.913733	3.539393	2.440943	0.689650	0.102891	0.299806	87	59	1.237541	0.000000	4.201322	489.154331	9	PASS
2026-03-16T02:07:08.071253+00:00	ema_20_50_5f_allwide_v7	0.913777	3.540757	2.443461	0.690096	0.103618	0.300741	87	59	1.237010	0.000000	4.201204	502.332918	9	FAIL
2026-03-16T02:08:16.562057+00:00	ema_20_50_5f_emagap_v1	0.912776	3.573895	2.434660	0.681235	0.104934	0.298338	87	59	1.174896	0.000000	4.223200	554.686560	9	PASS
2026-03-16T02:09:01.001446+00:00	ema_20_50_5f_emagap_re_v1	0.911866	3.610933	2.422545	0.670892	0.104949	0.299202	87	59	1.143018	0.000000	4.232505	625.417949	9	PASS
2026-03-16T02:10:30.951031+00:00	ema_20_50_5f_eqmom_v1	0.913540	3.335615	2.472145	0.741136	0.101554	0.246495	87	59	0.984577	0.000000	4.127115	858.305710	9	PASS
2026-03-16T02:11:12.227251+00:00	ema_20_50_5f_eqmom_v2	0.914399	3.365809	2.519429	0.748536	0.117287	0.261372	87	59	0.975023	0.000000	4.124608	1586.086716	9	PASS
2026-03-16T02:11:43.829387+00:00	ema_20_50_5f_eqmom_v3	0.915054	3.392320	2.554308	0.752968	0.131249	0.272672	87	59	0.966380	0.000000	4.122331	2679.805415	9	PASS
2026-03-16T02:12:18.520090+00:00	ema_20_50_5f_eqmom_v4	0.915616	3.418046	2.583068	0.755715	0.144913	0.282343	87	59	0.957711	0.000000	4.120057	4394.413155	9	PASS
2026-03-16T02:12:54.393785+00:00	ema_20_50_5f_eqmom_v5	0.916105	3.443083	2.606853	0.757128	0.158299	0.290721	87	59	0.948955	0.000000	4.117786	7011.448618	9	PASS
2026-03-16T02:13:29.728725+00:00	ema_20_50_5f_eqmom_v6	0.916433	3.461463	2.621962	0.757472	0.168169	0.296310	87	59	0.942295	0.000000	4.116084	9791.037523	9	FAIL
2026-03-16T02:13:55.279039+00:00	ema_20_50_5f_eqmom_v7	0.916327	3.455371	2.617162	0.757419	0.164895	0.294506	87	59	0.944526	0.000000	4.116651	8772.797566	9	PASS
2026-03-16T02:14:31.392578+00:00	ema_20_50_5f_eqmom_v8	0.916391	3.459030	2.620069	0.757458	0.166861	0.295595	87	59	0.943188	0.000000	4.116311	9371.925485	9	PASS
2026-03-16T02:15:02.754670+00:00	ema_20_50_5f_eqmom_v9	0.916412	3.460247	2.621020	0.757466	0.167515	0.295954	87	59	0.942742	0.000000	4.116197	9579.468540	9	PASS
2026-03-16T02:16:05.235938+00:00	ema_20_50_5f_eqmom_agg_v1	0.916175	3.368097	2.619623	0.777775	0.168789	0.278890	87	59	0.859225	0.000000	4.115916	13133.692883	9	FAIL
2026-03-16T02:16:42.843738+00:00	ema_20_50_5f_eqmom_agg_v2	0.915988	3.356850	2.611358	0.777919	0.162807	0.275857	87	59	0.862699	0.000000	4.116939	10720.463428	9	PASS
2026-03-16T02:17:29.584025+00:00	ema_20_50_5f_eqmom_mid_v1	0.916397	3.419746	2.625226	0.767667	0.171333	0.288010	87	59	0.896398	0.000000	4.113365	12539.431612	9	FAIL
2026-03-16T02:18:00.886580+00:00	ema_20_50_5f_eqmom_mid_v2	0.916191	3.407501	2.616157	0.767764	0.164786	0.284606	87	59	0.900559	0.000000	4.114495	10064.669948	9	PASS
2026-03-16T02:19:16.835432+00:00	ema_20_50_5f_streak_v1	0.917264	3.374599	2.596627	0.769462	0.161431	0.262285	87	59	0.715796	0.000000	4.341344	17922.906299	9	PASS
2026-03-16T02:20:07.007254+00:00	ema_20_50_5f_streak_v2	0.917988	3.417468	2.625422	0.768236	0.183883	0.272158	87	59	0.707352	0.000000	4.337395	38844.363558	9	FAIL
2026-03-16T02:20:40.438127+00:00	ema_20_50_5f_streak_v3	0.917602	3.393833	2.610648	0.769233	0.171497	0.266937	87	59	0.712073	0.000000	4.339517	25509.314505	9	FAIL
2026-03-16T02:21:10.223714+00:00	ema_20_50_5f_streak_v4	0.917394	3.381838	2.602135	0.769444	0.165223	0.264084	87	59	0.714403	0.000000	4.340618	20496.505098	9	FAIL
2026-03-16T02:21:37.779539+00:00	ema_20_50_5f_streak_v5	0.917329	3.378225	2.599420	0.769463	0.163330	0.263193	87	59	0.715100	0.000000	4.340981	19171.889497	9	FAIL
2026-03-16T02:22:05.968860+00:00	ema_20_50_5f_streak_v6	0.917286	3.375809	2.597567	0.769465	0.162065	0.262589	87	59	0.715564	0.000000	4.341223	18331.063916	9	PASS
2026-03-16T02:23:25.485450+00:00	ema_20_50_5f_streak_ultrawide_v1	0.917781	3.372560	2.615796	0.775611	0.166505	0.251884	87	59	0.762733	0.000000	4.528024	23613.545264	9	FAIL
2026-03-16T02:23:55.153252+00:00	ema_20_50_5f_streak_ultrawide_v2	0.917438	3.353237	2.601547	0.775832	0.156649	0.247353	87	59	0.768158	0.000000	4.529982	16649.105685	9	FAIL
2026-03-16T02:24:27.110175+00:00	ema_20_50_5f_streak_ultrawide_v3	0.917366	3.349338	2.598436	0.775806	0.154662	0.246391	87	59	0.769230	0.000000	4.530373	15496.533716	9	PASS
2026-03-16T02:25:10.860350+00:00	ema_20_50_5f_streak_ultrawide_v4	0.917390	3.350639	2.599483	0.775817	0.155325	0.246713	87	59	0.768873	0.000000	4.530243	15872.694478	9	PASS
2026-03-16T02:27:04.098638+00:00	ema_20_50_5f_streak_breaker_v1	0.429663	0.179809	1.915998	10.655722	0.136250	0.224144	32	3	3.249622	0.500000	1.914612	16.665106	9	FAIL
2026-03-16T02:27:59.712062+00:00	ema_20_50_5f_streak3_v1	0.917450	3.289277	2.537616	0.771481	0.152468	0.276416	87	59	0.716643	0.000000	4.761331	25443.483661	9	PASS
2026-03-16T02:28:52.965752+00:00	ema_20_50_5f_streak3_v2	0.917476	3.290551	2.538706	0.771514	0.153120	0.276634	87	59	0.716669	0.000000	4.761198	26073.510739	9	FAIL
2026-03-16T02:29:44.233959+00:00	ema_20_50_5f_streak4_v1	0.915793	3.218516	2.444263	0.759438	0.150886	0.301207	87	59	0.686037	0.000000	4.832339	25062.824438	9	FAIL
2026-03-16T02:30:43.763327+00:00	ema_20_50_5f_streak3_cap_v1	0.918235	3.383083	2.550051	0.753765	0.142401	0.278936	87	59	0.623739	0.000000	4.478192	10551.022314	9	PASS
2026-03-16T02:31:34.604549+00:00	ema_20_50_5f_streak3_cap_v2	0.918460	3.444885	2.575629	0.747668	0.151633	0.284404	87	59	0.628387	0.000000	4.308548	10742.740742	9	PASS
2026-03-16T02:32:16.727187+00:00	ema_20_50_5f_streak3_cap_v3	0.918328	3.499209	2.584477	0.738589	0.159786	0.291382	87	59	0.668227	0.000000	4.175024	11063.043562	9	PASS
2026-03-16T02:32:54.240707+00:00	ema_20_50_5f_streak3_cap_v4	0.918526	3.466369	2.583292	0.745245	0.154327	0.286058	87	59	0.640204	0.000000	4.263971	10837.696614	9	PASS
2026-03-16T02:33:31.946672+00:00	ema_20_50_5f_streak3_cap5_v1	0.919284	3.413605	2.582657	0.756577	0.167887	0.286009	87	59	0.645658	0.000000	4.548521	32391.998397	9	PASS
2026-03-16T02:34:11.213141+00:00	ema_20_50_5f_streak3_cap6_v1	0.919490	3.370206	2.582657	0.766320	0.178896	0.286009	87	59	0.684554	0.000000	4.768465	80688.893460	9	FAIL
2026-03-16T02:34:41.036611+00:00	ema_20_50_5f_streak3_cap55_v1	0.919476	3.390699	2.582657	0.761689	0.173388	0.286009	87	59	0.664379	0.000000	4.665432	53275.798303	9	FAIL
2026-03-16T02:35:08.443991+00:00	ema_20_50_5f_streak3_cap52_v1	0.919370	3.404152	2.582657	0.758678	0.170087	0.286009	87	59	0.652895	0.000000	4.594939	39669.542082	9	PASS
2026-03-16T02:35:44.480745+00:00	ema_20_50_5f_streak3_cap52_v2	0.919482	3.423753	2.589036	0.756198	0.173505	0.287522	87	59	0.648826	0.000000	4.549121	39848.475508	9	PASS
2026-03-16T02:36:15.478838+00:00	ema_20_50_5f_streak3_cap52_v3	0.919575	3.442126	2.594819	0.753842	0.176743	0.288953	87	59	0.646275	0.000000	4.502295	40072.222677	9	PASS
2026-03-16T02:36:44.335256+00:00	ema_20_50_5f_streak3_cap52_v4	0.919640	3.458758	2.600052	0.751730	0.179690	0.290309	87	59	0.645388	0.000000	4.450579	40337.913754	9	PASS
2026-03-16T02:37:18.748044+00:00	ema_20_50_5f_streak3_cap52_v5	0.919694	3.474652	2.604779	0.749652	0.182598	0.292156	87	59	0.645574	0.000000	4.402630	40643.189258	9	PASS
2026-03-16T02:37:59.510907+00:00	ema_20_50_5f_streak3_cap52_v6	0.919791	3.506555	2.612863	0.745137	0.188134	0.305246	87	59	0.651949	0.000000	4.318538	41365.004343	9	FAIL
2026-03-16T02:38:36.960113+00:00	ema_20_50_5f_streak3_cap52_v7	0.919739	3.489866	2.609037	0.747604	0.185468	0.298768	87	59	0.646695	0.000000	4.358067	40986.019202	9	PASS
2026-03-16T02:39:45.589121+00:00	ema_20_50_5f_cap48_v1	0.919475	3.526695	2.614337	0.741299	0.182030	0.305246	87	59	0.670499	0.000000	4.227545	27696.308243	9	FAIL
2026-03-16T02:40:17.371991+00:00	ema_20_50_5f_cap48_v2	0.919449	3.502940	2.606964	0.744222	0.178309	0.295479	87	59	0.652649	0.000000	4.285145	27264.337221	9	PASS
2026-03-16T02:41:06.244876+00:00	ema_20_50_5f_cap50_b315_v1	0.919641	3.509359	2.611002	0.744011	0.183854	0.302024	87	59	0.654677	0.000000	4.293327	33759.755505	9	FAIL
2026-03-16T02:41:28.121472+00:00	ema_20_50_5f_cap50_b305_v1	0.919573	3.490030	2.606964	0.746975	0.181371	0.295479	87	59	0.644957	0.000000	4.329895	33437.570479	9	PASS
2026-03-16T02:42:43.297575+00:00	ema_20_50_5f_decaytp_v1	0.915115	3.531350	2.109716	0.597425	0.177471	0.395232	90	61	0.801376	0.000000	4.359282	40986.608491	9	FAIL
2026-03-16T02:43:25.960139+00:00	ema_20_50_5f_dyncap_v1	0.920589	3.490640	2.609037	0.747438	0.186706	0.298768	87	59	0.636954	0.000000	4.587460	86843.842738	9	PASS
2026-03-16T02:44:06.202065+00:00	ema_20_50_5f_dyncap_v2	0.920638	3.498852	2.611002	0.746245	0.188306	0.302024	87	59	0.637140	0.000000	4.568633	87122.843669	9	FAIL
2026-03-16T02:44:44.232090+00:00	ema_20_50_5f_dyncap_v3	0.920473	3.467116	2.598164	0.749373	0.183904	0.298768	87	59	0.621711	0.000000	4.686176	134359.458491	9	PASS
2026-03-16T02:45:26.379427+00:00	ema_20_50_5f_dyncap4_v1	0.919637	3.493136	2.523976	0.722553	0.185783	0.305665	87	59	0.640402	0.000000	4.635668	90634.168600	9	FAIL
2026-03-16T02:46:15.582861+00:00	ema_20_50_5f_dyncap_dynre_v1	0.915478	3.487047	2.587919	0.742152	0.187919	0.298768	87	59	0.768653	0.000000	4.644491	101556.262820	9	PASS
2026-03-16T02:46:55.203465+00:00	ema_20_50_5f_dyncap_dyntp_v1	0.920642	3.444709	2.629765	0.763421	0.184510	0.298768	87	59	0.671752	0.000000	4.544685	85086.859363	9	PASS
2026-03-16T02:48:38.120240+00:00	ema_20_50_5f_dyncap_scalein_v1	0.917831	3.459733	2.691953	0.778081	0.192668	0.298768	87	59	0.649893	0.000000	4.420757	82759.321368	9	PASS
2026-03-16T02:49:20.339521+00:00	ema_20_50_5f_dyncap_pt020_v1	0.920720	3.473477	2.670179	0.768734	0.186706	0.298768	88	59	1.491221	0.000000	4.416151	86904.092924	9	FAIL
2026-03-16T02:50:16.132851+00:00	ema_20_50_5f_dyncap_loosere_v1	0.924526	3.717429	2.691728	0.724083	0.216489	0.298768	81	60	0.915549	0.000000	4.376734	38672.196722	9	FAIL
2026-03-16T02:50:52.393756+00:00	ema_20_50_5f_dyncap_loosere_v2	0.922734	3.569791	2.655999	0.744021	0.178785	0.264433	81	60	0.944010	0.000000	4.546607	17707.724922	9	FAIL
2026-03-16T02:51:16.197880+00:00	ema_20_50_5f_dyncap_loosere_v3	0.921462	3.503067	2.611606	0.745520	0.152076	0.249978	81	60	0.968490	0.000000	4.538537	6414.952127	9	FAIL
2026-03-16T02:51:56.198346+00:00	ema_20_50_5f_dyncap_hybridre_v1	0.918881	3.714277	2.671158	0.719159	0.176086	0.298768	86	59	1.052912	0.000000	4.021206	9840.920748	9	PASS
2026-03-16T02:52:36.212474+00:00	ema_20_50_5f_dyncap_strict_v1	0.914765	3.399488	2.598411	0.764354	0.223846	0.298768	78	57	0.615786	0.000000	3.755369	19639.870701	9	FAIL
2026-03-16T02:53:19.694543+00:00	ema_20_50_5f_dyncap_streaktp_v1	0.918803	3.356916	2.545932	0.758414	0.187578	0.312761	88	59	0.652314	0.000000	4.492127	83210.084404	9	FAIL
2026-03-16T03:01:28.799353+00:00	ema_20_50_5f_dyncap_trendtp_v1	0.920345	3.490536	2.609037	0.747460	0.187071	0.298768	87	59	0.629719	0.000000	4.583208	83382.173742	9	PASS
